"id","time","latitude","longitude"
"1","12:00:00.000",51.40701344,-2.66298816
"1","12:00:00.019",51.40701335,-2.66298848
"1","12:00:00.039",51.40701359,-2.66298796
"1","12:00:00.059",51.40701386,-2.66298759
"1","12:00:00.079",51.40701393,-2.66298812
"1","12:00:00.099",51.40701382,-2.6629894
"1","12:00:00.119",51.40701371,-2.6629906
"1","12:00:00.139",51.40701364,-2.66299159
"1","12:00:00.160",51.40701362,-2.66299229
"1","12:00:00.180",51.40701365,-2.66299281
"1","12:00:00.200",51.40701352,-2.66299421
"1","12:00:00.220",51.40701327,-2.66299637
"1","12:00:00.240",51.40701301,-2.66299863
"1","12:00:00.259",51.40701274,-2.66300127
"1","12:00:00.279",51.40701245,-2.66300419
"1","12:00:00.299",51.40701202,-2.66300766
"1","12:00:00.319",51.40701159,-2.66301113
"1","12:00:00.339",51.40701115,-2.6630146
"1","12:00:00.360",51.40701052,-2.66301815
"1","12:00:00.380",51.40700978,-2.66302202
"1","12:00:00.400",51.40700915,-2.66302572
"1","12:00:00.420",51.40700852,-2.6630294
"1","12:00:00.440",51.40700808,-2.66303268
"1","12:00:00.460",51.4070077,-2.66303556
"1","12:00:00.480",51.40700721,-2.66303818
"1","12:00:00.500",51.40700672,-2.66304078
"1","12:00:00.519",51.40700622,-2.66304338
"1","12:00:00.539",51.40700555,-2.66304672
"1","12:00:00.559",51.40700492,-2.66304986
"1","12:00:00.579",51.4070042,-2.66305307
"1","12:00:00.599",51.40700335,-2.6630566
"1","12:00:00.619",51.40700248,-2.66305998
"1","12:00:00.639",51.4070017,-2.66306273
"1","12:00:00.660",51.40700099,-2.66306501
"1","12:00:00.680",51.40700026,-2.66306744
"1","12:00:00.700",51.40699947,-2.6630701
"1","12:00:00.720",51.40699871,-2.66307259
"1","12:00:00.740",51.40699798,-2.66307485
"1","12:00:00.759",51.40699728,-2.6630768
"1","12:00:00.779",51.40699649,-2.66307865
"1","12:00:00.799",51.40699571,-2.6630804
"1","12:00:00.819",51.40699497,-2.66308197
"1","12:00:00.839",51.40699423,-2.66308363
"1","12:00:00.860",51.40699348,-2.6630854
"1","12:00:00.880",51.40699283,-2.66308673
"1","12:00:00.900",51.40699234,-2.66308746
"1","12:00:00.920",51.40699191,-2.66308793
"1","12:00:00.940",51.40699134,-2.66308875
"1","12:00:00.960",51.4069907,-2.66308965
"1","12:00:00.980",51.4069901,-2.66309033
"1","12:00:01.000",51.4069896,-2.66309067
"1","12:00:01.019",51.40698916,-2.66309099
"1","12:00:01.039",51.40698869,-2.6630916
"1","12:00:01.059",51.40698816,-2.66309248
"1","12:00:01.079",51.40698764,-2.66309339
"1","12:00:01.099",51.40698719,-2.6630942
"1","12:00:01.119",51.40698676,-2.66309508
"1","12:00:01.139",51.40698629,-2.66309592
"1","12:00:01.160",51.40698582,-2.66309666
"1","12:00:01.180",51.4069854,-2.66309739
"1","12:00:01.200",51.40698501,-2.66309835
"1","12:00:01.220",51.4069846,-2.66309939
"1","12:00:01.240",51.40698411,-2.66310053
"1","12:00:01.259",51.40698354,-2.66310195
"1","12:00:01.279",51.40698294,-2.6631036
"1","12:00:01.299",51.40698233,-2.66310547
"1","12:00:01.319",51.40698173,-2.66310729
"1","12:00:01.339",51.4069811,-2.66310931
"1","12:00:01.360",51.40698045,-2.66311152
"1","12:00:01.380",51.40697979,-2.66311384
"1","12:00:01.400",51.40697914,-2.66311616
"1","12:00:01.420",51.40697846,-2.6631184
"1","12:00:01.440",51.40697779,-2.66312039
"1","12:00:01.460",51.4069771,-2.66312237
"1","12:00:01.480",51.4069764,-2.66312442
"1","12:00:01.500",51.40697571,-2.66312638
"1","12:00:01.519",51.40697505,-2.6631282
"1","12:00:01.539",51.40697435,-2.66312999
"1","12:00:01.559",51.40697359,-2.66313162
"1","12:00:01.579",51.40697283,-2.66313291
"1","12:00:01.599",51.40697208,-2.66313411
"1","12:00:01.619",51.40697126,-2.66313542
"1","12:00:01.639",51.40697042,-2.6631366
"1","12:00:01.660",51.40696964,-2.66313749
"1","12:00:01.680",51.40696889,-2.66313839
"1","12:00:01.700",51.4069681,-2.66313919
"1","12:00:01.720",51.4069673,-2.66313968
"1","12:00:01.740",51.40696651,-2.6631399
"1","12:00:01.759",51.40696569,-2.66314023
"1","12:00:01.779",51.40696483,-2.66314058
"1","12:00:01.799",51.406964,-2.66314058
"1","12:00:01.819",51.40696322,-2.66314027
"1","12:00:01.839",51.40696251,-2.66313986
"1","12:00:01.860",51.40696185,-2.66313925
"1","12:00:01.880",51.40696122,-2.66313828
"1","12:00:01.900",51.40696061,-2.66313699
"1","12:00:01.920",51.40696003,-2.66313543
"1","12:00:01.940",51.40695955,-2.66313366
"1","12:00:01.960",51.40695912,-2.66313145
"1","12:00:01.980",51.40695873,-2.66312902
"1","12:00:02.000",51.40695838,-2.66312662
"1","12:00:02.019",51.40695806,-2.66312415
"1","12:00:02.039",51.40695775,-2.66312149
"1","12:00:02.059",51.40695747,-2.66311877
"1","12:00:02.079",51.40695723,-2.66311609
"1","12:00:02.099",51.40695703,-2.66311335
"1","12:00:02.119",51.40695684,-2.66311037
"1","12:00:02.139",51.40695668,-2.66310733
"1","12:00:02.160",51.40695655,-2.66310444
"1","12:00:02.180",51.40695647,-2.66310179
"1","12:00:02.200",51.40695642,-2.66309938
"1","12:00:02.220",51.40695636,-2.66309725
"1","12:00:02.240",51.40695632,-2.66309534
"1","12:00:02.259",51.40695632,-2.66309349
"1","12:00:02.279",51.40695631,-2.66309175
"1","12:00:02.299",51.40695631,-2.66309041
"1","12:00:02.319",51.40695632,-2.66308949
"1","12:00:02.339",51.40695633,-2.66308889
"1","12:00:02.360",51.40695635,-2.66308854
"1","12:00:02.380",51.40695639,-2.66308826
"1","12:00:02.400",51.40695642,-2.663088
"1","12:00:02.420",51.40695641,-2.66308813
"1","12:00:02.440",51.40695641,-2.66308888
"1","12:00:02.460",51.40695645,-2.66309008
"1","12:00:02.480",51.40695647,-2.66309133
"1","12:00:02.500",51.40695646,-2.66309261
"1","12:00:02.519",51.40695643,-2.66309392
"1","12:00:02.539",51.40695639,-2.66309525
"1","12:00:02.559",51.40695631,-2.66309661
"1","12:00:02.579",51.40695622,-2.66309821
"1","12:00:02.599",51.40695618,-2.66309999
"1","12:00:02.619",51.40695619,-2.66310166
"1","12:00:02.639",51.40695618,-2.66310326
"1","12:00:02.660",51.40695614,-2.66310498
"1","12:00:02.680",51.4069561,-2.66310666
"1","12:00:02.700",51.40695608,-2.66310826
"1","12:00:02.720",51.40695611,-2.66310973
"1","12:00:02.740",51.40695619,-2.66311126
"1","12:00:02.759",51.4069563,-2.66311284
"1","12:00:02.779",51.4069564,-2.6631144
"1","12:00:02.799",51.40695649,-2.66311602
"1","12:00:02.819",51.40695662,-2.6631177
"1","12:00:02.839",51.40695681,-2.66311922
"1","12:00:02.860",51.40695703,-2.66312047
"1","12:00:02.880",51.40695729,-2.66312181
"1","12:00:02.900",51.40695754,-2.66312316
"1","12:00:02.920",51.40695781,-2.66312459
"1","12:00:02.940",51.40695812,-2.66312597
"1","12:00:02.960",51.40695844,-2.66312715
"1","12:00:02.980",51.40695878,-2.66312831
"1","12:00:03.000",51.40695917,-2.66312964
"1","12:00:03.019",51.40695958,-2.66313087
"1","12:00:03.039",51.40696001,-2.66313184
"1","12:00:03.059",51.40696042,-2.66313288
"1","12:00:03.079",51.40696085,-2.66313392
"1","12:00:03.099",51.40696131,-2.66313484
"1","12:00:03.119",51.40696174,-2.6631358
"1","12:00:03.139",51.40696215,-2.66313661
"1","12:00:03.160",51.40696258,-2.66313706
"1","12:00:03.180",51.406963,-2.66313749
"1","12:00:03.200",51.40696343,-2.66313793
"1","12:00:03.220",51.40696386,-2.66313824
"1","12:00:03.240",51.40696426,-2.66313844
"1","12:00:03.259",51.40696463,-2.66313855
"1","12:00:03.279",51.40696499,-2.66313843
"1","12:00:03.299",51.40696534,-2.66313827
"1","12:00:03.319",51.40696568,-2.66313821
"1","12:00:03.339",51.40696602,-2.66313807
"1","12:00:03.360",51.40696636,-2.6631379
"1","12:00:03.380",51.40696668,-2.66313779
"1","12:00:03.400",51.40696698,-2.66313756
"1","12:00:03.420",51.4069673,-2.66313699
"1","12:00:03.440",51.40696761,-2.66313617
"1","12:00:03.460",51.40696791,-2.66313549
"1","12:00:03.480",51.40696821,-2.66313493
"1","12:00:03.500",51.40696853,-2.66313419
"1","12:00:03.519",51.40696885,-2.66313327
"1","12:00:03.539",51.40696919,-2.66313228
"1","12:00:03.559",51.40696957,-2.66313119
"1","12:00:03.579",51.40696994,-2.66312997
"1","12:00:03.599",51.40697028,-2.66312889
"1","12:00:03.619",51.40697064,-2.66312786
"1","12:00:03.639",51.40697105,-2.66312663
"1","12:00:03.660",51.40697146,-2.66312546
"1","12:00:03.680",51.40697185,-2.66312432
"1","12:00:03.700",51.40697223,-2.66312319
"1","12:00:03.720",51.40697265,-2.66312208
"1","12:00:03.740",51.40697312,-2.66312083
"1","12:00:03.759",51.40697362,-2.66311943
"1","12:00:03.779",51.40697409,-2.66311817
"1","12:00:03.799",51.40697456,-2.66311708
"1","12:00:03.819",51.40697509,-2.66311592
"1","12:00:03.839",51.40697568,-2.66311449
"1","12:00:03.860",51.40697625,-2.66311295
"1","12:00:03.880",51.40697678,-2.66311148
"1","12:00:03.900",51.40697732,-2.66311025
"1","12:00:03.920",51.40697791,-2.66310895
"1","12:00:03.940",51.40697849,-2.6631077
"1","12:00:03.960",51.40697906,-2.66310644
"1","12:00:03.980",51.40697962,-2.66310533
"1","12:00:04.000",51.40698021,-2.66310431
"1","12:00:04.019",51.40698091,-2.66310295
"1","12:00:04.039",51.40698166,-2.66310134
"1","12:00:04.059",51.40698235,-2.66309988
"1","12:00:04.079",51.40698302,-2.6630986
"1","12:00:04.099",51.40698366,-2.66309746
"1","12:00:04.119",51.40698432,-2.6630962
"1","12:00:04.139",51.40698508,-2.66309463
"1","12:00:04.160",51.4069859,-2.66309309
"1","12:00:04.180",51.40698666,-2.66309204
"1","12:00:04.200",51.40698735,-2.66309112
"1","12:00:04.220",51.40698805,-2.66308998
"1","12:00:04.240",51.40698878,-2.66308866
"1","12:00:04.259",51.40698944,-2.66308763
"1","12:00:04.279",51.40699001,-2.6630871
"1","12:00:04.299",51.40699065,-2.66308638
"1","12:00:04.319",51.40699144,-2.66308509
"1","12:00:04.339",51.40699225,-2.66308343
"1","12:00:04.360",51.40699299,-2.66308213
"1","12:00:04.380",51.40699372,-2.66308118
"1","12:00:04.400",51.40699453,-2.66308003
"1","12:00:04.420",51.4069954,-2.66307862
"1","12:00:04.440",51.40699622,-2.66307733
"1","12:00:04.460",51.40699707,-2.66307586
"1","12:00:04.480",51.40699797,-2.66307462
"1","12:00:04.500",51.40699885,-2.66307358
"1","12:00:04.519",51.40699975,-2.66307224
"1","12:00:04.539",51.40700062,-2.66307064
"1","12:00:04.559",51.40700145,-2.66306912
"1","12:00:04.579",51.40700226,-2.66306802
"1","12:00:04.599",51.40700315,-2.66306693
"1","12:00:04.619",51.4070041,-2.66306558
"1","12:00:04.639",51.40700501,-2.66306421
"1","12:00:04.660",51.40700593,-2.66306284
"1","12:00:04.680",51.40700657,-2.66306242
"1","12:00:04.700",51.40700722,-2.66306199
"1","12:00:04.720",51.40700787,-2.66306156
"1","12:00:04.740",51.40700868,-2.66306034
"1","12:00:04.759",51.40700949,-2.66305913
"2","12:00:00.000",51.40698012,-2.66300942
"2","12:00:00.019",51.40698066,-2.66300987
"2","12:00:00.039",51.40698123,-2.66301027
"2","12:00:00.059",51.40698185,-2.66301043
"2","12:00:00.079",51.4069825,-2.66301051
"2","12:00:00.099",51.40698312,-2.66301087
"2","12:00:00.119",51.40698376,-2.66301134
"2","12:00:00.139",51.4069845,-2.66301169
"2","12:00:00.160",51.40698529,-2.66301214
"2","12:00:00.180",51.40698604,-2.66301254
"2","12:00:00.200",51.40698679,-2.66301294
"2","12:00:00.220",51.40698754,-2.66301333
"2","12:00:00.240",51.40698811,-2.66301357
"2","12:00:00.259",51.40698868,-2.6630138
"2","12:00:00.279",51.40698923,-2.66301431
"2","12:00:00.299",51.40698993,-2.66301455
"2","12:00:00.319",51.40699076,-2.66301454
"2","12:00:00.339",51.40699159,-2.66301454
"2","12:00:00.360",51.40699262,-2.66301406
"2","12:00:00.380",51.40699362,-2.66301329
"2","12:00:00.400",51.40699422,-2.66301319
"2","12:00:00.420",51.40699474,-2.66301344
"2","12:00:00.440",51.40699527,-2.66301368
"2","12:00:00.460",51.40699593,-2.66301374
"2","12:00:00.480",51.4069966,-2.66301379
"2","12:00:00.500",51.40699727,-2.66301384
"2","12:00:00.519",51.40699793,-2.6630138
"2","12:00:00.539",51.4069986,-2.66301376
"2","12:00:00.559",51.40699931,-2.66301376
"2","12:00:00.579",51.40700011,-2.66301379
"2","12:00:00.599",51.40700095,-2.66301374
"2","12:00:00.619",51.40700179,-2.66301346
"2","12:00:00.639",51.40700259,-2.66301314
"2","12:00:00.660",51.40700323,-2.66301338
"2","12:00:00.680",51.40700386,-2.66301363
"2","12:00:00.700",51.40700457,-2.66301371
"2","12:00:00.720",51.40700528,-2.66301378
"2","12:00:00.740",51.40700598,-2.66301386
"2","12:00:00.759",51.40700694,-2.66301325
"2","12:00:00.779",51.4070079,-2.66301263
"2","12:00:00.799",51.40700885,-2.66301186
"2","12:00:00.819",51.40700979,-2.66301109
"2","12:00:00.839",51.40701042,-2.66301159
"2","12:00:00.860",51.40701104,-2.6630121
"2","12:00:00.880",51.40701167,-2.6630125
"2","12:00:00.900",51.40701233,-2.66301274
"2","12:00:00.920",51.40701297,-2.66301332
"2","12:00:00.940",51.40701352,-2.66301435
"2","12:00:00.960",51.40701407,-2.66301538
"2","12:00:00.980",51.40701463,-2.66301631
"2","12:00:01.000",51.40701519,-2.66301723
"2","12:00:01.019",51.40701609,-2.66301717
"2","12:00:01.039",51.40701699,-2.66301711
"2","12:00:01.059",51.4070179,-2.66301707
"2","12:00:01.079",51.40701866,-2.66301743
"2","12:00:01.099",51.40701942,-2.66301777
"2","12:00:01.119",51.40702007,-2.66301821
"2","12:00:01.139",51.40702073,-2.66301865
"2","12:00:01.160",51.40702131,-2.66301919
"2","12:00:01.180",51.40702193,-2.66301984
"2","12:00:01.200",51.40702255,-2.66302049
"2","12:00:01.220",51.40702314,-2.66302181
"2","12:00:01.240",51.40702373,-2.66302313
"2","12:00:01.259",51.40702432,-2.66302447
"2","12:00:01.279",51.4070248,-2.66302577
"2","12:00:01.299",51.40702554,-2.66302582
"2","12:00:01.319",51.40702629,-2.66302588
"2","12:00:01.339",51.40702703,-2.66302595
"2","12:00:01.360",51.40702787,-2.66302579
"2","12:00:01.380",51.40702868,-2.66302589
"2","12:00:01.400",51.40702949,-2.66302598
"2","12:00:01.420",51.40703007,-2.66302686
"2","12:00:01.440",51.40703053,-2.66302802
"2","12:00:01.460",51.40703106,-2.66302907
"2","12:00:01.480",51.40703161,-2.66303008
"2","12:00:01.500",51.40703212,-2.66303134
"2","12:00:01.519",51.40703259,-2.66303269
"2","12:00:01.539",51.40703306,-2.66303406
"2","12:00:01.559",51.40703364,-2.66303508
"2","12:00:01.579",51.4070343,-2.66303586
"2","12:00:01.599",51.40703499,-2.66303661
"2","12:00:01.619",51.40703575,-2.66303692
"2","12:00:01.639",51.40703651,-2.66303724
"2","12:00:01.660",51.40703728,-2.66303756
"2","12:00:01.680",51.40703804,-2.66303787
"2","12:00:01.700",51.4070388,-2.66303819
"2","12:00:01.720",51.40703956,-2.66303851
"2","12:00:01.740",51.40704032,-2.66303883
"2","12:00:01.759",51.40704108,-2.66303914
"2","12:00:01.779",51.40704184,-2.66303946
"2","12:00:01.799",51.40704261,-2.66303978
"2","12:00:01.819",51.40704337,-2.66304009
"2","12:00:01.839",51.40704413,-2.66304041
"2","12:00:01.860",51.40704489,-2.66304071
"2","12:00:01.880",51.40704552,-2.66304106
"2","12:00:01.900",51.40704636,-2.66304101
"2","12:00:01.920",51.4070472,-2.66304095
"2","12:00:01.940",51.40704803,-2.66304088
"2","12:00:01.960",51.40704903,-2.66304062
"2","12:00:01.980",51.40705012,-2.66304007
"2","12:00:02.000",51.40705119,-2.66303944
"2","12:00:02.019",51.40705218,-2.66303893
"2","12:00:02.039",51.40705322,-2.66303834
"2","12:00:02.059",51.40705426,-2.66303782
"2","12:00:02.079",51.40705518,-2.66303763
"2","12:00:02.099",51.40705593,-2.66303799
"2","12:00:02.119",51.40705668,-2.66303841
"2","12:00:02.139",51.40705732,-2.66303906
"2","12:00:02.160",51.40705782,-2.66304009
"2","12:00:02.180",51.40705826,-2.66304121
"2","12:00:02.200",51.40705884,-2.66304204
"2","12:00:02.220",51.40705953,-2.66304255
"2","12:00:02.240",51.40706007,-2.66304332
"2","12:00:02.259",51.40706045,-2.6630445
"2","12:00:02.279",51.40706086,-2.66304548
"2","12:00:02.299",51.40706147,-2.66304586
"2","12:00:02.319",51.40706208,-2.66304625
"2","12:00:02.339",51.4070626,-2.66304684
"2","12:00:02.360",51.40706298,-2.66304774
"2","12:00:02.380",51.40706336,-2.66304864
"2","12:00:02.400",51.40706362,-2.66304956
"2","12:00:02.420",51.40706389,-2.66305039
"2","12:00:02.440",51.40706407,-2.66305144
"2","12:00:02.460",51.40706397,-2.66305302
"2","12:00:02.480",51.40706388,-2.66305461
"2","12:00:02.500",51.40706372,-2.66305601
"2","12:00:02.519",51.40706355,-2.66305742
"2","12:00:02.539",51.40706338,-2.66305883
"2","12:00:02.559",51.40706298,-2.66306022
"2","12:00:02.579",51.40706252,-2.66306165
"2","12:00:02.599",51.40706228,-2.66306301
"2","12:00:02.619",51.40706203,-2.66306437
"2","12:00:02.639",51.40706179,-2.66306573
"2","12:00:02.660",51.40706154,-2.66306709
"2","12:00:02.680",51.4070613,-2.66306844
"2","12:00:02.700",51.40706106,-2.6630698
"2","12:00:02.720",51.40706082,-2.66307116
"2","12:00:02.740",51.40706058,-2.66307252
"2","12:00:02.759",51.40706033,-2.66307388
"2","12:00:02.779",51.40706009,-2.66307525
"2","12:00:02.799",51.40705955,-2.66307629
"2","12:00:02.819",51.407059,-2.66307733
"2","12:00:02.839",51.40705847,-2.66307838
"2","12:00:02.860",51.40705793,-2.66307943
"2","12:00:02.880",51.40705739,-2.66308047
"2","12:00:02.900",51.40705685,-2.66308152
"2","12:00:02.920",51.4070563,-2.66308257
"2","12:00:02.940",51.40705577,-2.66308361
"2","12:00:02.960",51.40705522,-2.66308466
"2","12:00:02.980",51.40705469,-2.66308571
"2","12:00:03.000",51.40705414,-2.66308675
"2","12:00:03.019",51.4070536,-2.6630878
"2","12:00:03.039",51.40705306,-2.66308885
"2","12:00:03.059",51.40705252,-2.6630899
"2","12:00:03.079",51.40705198,-2.66309094
"2","12:00:03.099",51.40705144,-2.66309198
"2","12:00:03.119",51.4070509,-2.66309304
"2","12:00:03.139",51.40705036,-2.66309408
"2","12:00:03.160",51.40704982,-2.66309512
"2","12:00:03.180",51.40704928,-2.66309618
"2","12:00:03.200",51.40704874,-2.66309722
"2","12:00:03.220",51.4070482,-2.66309826
"2","12:00:03.240",51.40704766,-2.66309932
"2","12:00:03.259",51.40704712,-2.66310036
"2","12:00:03.279",51.40704658,-2.6631014
"2","12:00:03.299",51.4070463,-2.66310172
"2","12:00:03.319",51.40704581,-2.66310233
"2","12:00:03.339",51.40704501,-2.6631034
"2","12:00:03.360",51.40704423,-2.66310446
"2","12:00:03.380",51.40704354,-2.66310559
"2","12:00:03.400",51.40704284,-2.66310673
"2","12:00:03.420",51.40704215,-2.66310787
"2","12:00:03.440",51.40704145,-2.663109
"2","12:00:03.460",51.40704084,-2.66310985
"2","12:00:03.480",51.40704011,-2.66311067
"2","12:00:03.500",51.40703937,-2.66311149
"2","12:00:03.519",51.40703845,-2.66311268
"2","12:00:03.539",51.40703748,-2.66311412
"2","12:00:03.559",51.40703652,-2.66311554
"2","12:00:03.579",51.40703572,-2.66311662
"2","12:00:03.599",51.40703516,-2.66311716
"2","12:00:03.619",51.4070348,-2.66311733
"2","12:00:03.639",51.40703449,-2.66311741
"2","12:00:03.660",51.40703412,-2.66311765
"2","12:00:03.680",51.40703362,-2.66311812
"2","12:00:03.700",51.40703306,-2.66311866
"2","12:00:03.720",51.40703257,-2.66311904
"2","12:00:03.740",51.40703215,-2.66311935
"2","12:00:03.759",51.40703177,-2.6631196
"2","12:00:03.779",51.40703129,-2.66312006
"2","12:00:03.799",51.40703075,-2.66312061
"2","12:00:03.819",51.40703025,-2.66312105
"2","12:00:03.839",51.40702976,-2.66312145
"2","12:00:03.860",51.40702923,-2.66312193
"2","12:00:03.880",51.40702872,-2.66312245
"2","12:00:03.900",51.40702824,-2.66312285
"2","12:00:03.920",51.40702778,-2.66312325
"2","12:00:03.940",51.40702736,-2.66312357
"2","12:00:03.960",51.40702695,-2.66312389
"2","12:00:03.980",51.40702653,-2.6631242
"2","12:00:04.000",51.40702612,-2.66312453
"2","12:00:04.019",51.4070257,-2.66312491
"2","12:00:04.039",51.40702519,-2.66312542
"2","12:00:04.059",51.40702461,-2.66312607
"2","12:00:04.079",51.40702408,-2.66312657
"2","12:00:04.099",51.40702359,-2.66312692
"2","12:00:04.119",51.40702303,-2.66312749
"2","12:00:04.139",51.40702242,-2.66312828
"2","12:00:04.160",51.40702182,-2.66312916
"2","12:00:04.180",51.40702125,-2.66312994
"2","12:00:04.200",51.40702075,-2.66313051
"2","12:00:04.220",51.40702025,-2.66313102
"2","12:00:04.240",51.40701973,-2.66313163
"2","12:00:04.259",51.40701923,-2.66313225
"2","12:00:04.279",51.40701871,-2.66313285
"2","12:00:04.299",51.40701814,-2.66313355
"2","12:00:04.319",51.40701756,-2.66313435
"2","12:00:04.339",51.40701697,-2.6631352
"2","12:00:04.360",51.40701634,-2.66313612
"2","12:00:04.380",51.40701565,-2.66313717
"2","12:00:04.400",51.40701497,-2.66313826
"2","12:00:04.420",51.40701433,-2.66313931
"2","12:00:04.440",51.4070137,-2.66314035
"2","12:00:04.460",51.40701304,-2.66314149
"2","12:00:04.480",51.40701232,-2.66314278
"2","12:00:04.500",51.40701151,-2.66314428
"2","12:00:04.519",51.40701069,-2.66314583
"2","12:00:04.539",51.40700995,-2.66314715
"2","12:00:04.559",51.40700928,-2.6631483
"2","12:00:04.579",51.40700864,-2.66314936
"2","12:00:04.599",51.40700805,-2.66315035
"2","12:00:04.619",51.4070075,-2.66315125
"2","12:00:04.639",51.407007,-2.66315198
"2","12:00:04.660",51.40700655,-2.66315255
"2","12:00:04.680",51.40700614,-2.66315305
"2","12:00:04.700",51.40700575,-2.66315353
"2","12:00:04.720",51.40700535,-2.66315403
"2","12:00:04.740",51.4070049,-2.66315459
"2","12:00:04.759",51.40700445,-2.66315521
"2","12:00:04.779",51.40700402,-2.66315583
"2","12:00:04.799",51.4070036,-2.66315638
"2","12:00:04.819",51.40700317,-2.66315688
"2","12:00:04.839",51.40700274,-2.66315739
"2","12:00:04.860",51.40700229,-2.66315795
"2","12:00:04.880",51.40700183,-2.66315855
"2","12:00:04.900",51.40700136,-2.66315911
"2","12:00:04.920",51.40700089,-2.66315964
"2","12:00:04.940",51.40700037,-2.66316022
"2","12:00:04.960",51.40699985,-2.66316072
"2","12:00:04.980",51.40699941,-2.66316108
"2","12:00:05.000",51.40699901,-2.66316133
"2","12:00:05.019",51.4069986,-2.66316154
"2","12:00:05.039",51.40699815,-2.66316169
"2","12:00:05.059",51.40699769,-2.66316181
"2","12:00:05.079",51.40699721,-2.66316194
"2","12:00:05.099",51.4069967,-2.6631621
"2","12:00:05.119",51.40699621,-2.66316217
"2","12:00:05.139",51.40699576,-2.66316213
"2","12:00:05.160",51.40699531,-2.66316205
"2","12:00:05.180",51.40699482,-2.66316196
"2","12:00:05.200",51.4069943,-2.66316187
"2","12:00:05.220",51.40699378,-2.6631617
"2","12:00:05.240",51.40699329,-2.6631615
"2","12:00:05.259",51.40699276,-2.66316141
"2","12:00:05.279",51.40699218,-2.6631614
"2","12:00:05.299",51.40699163,-2.66316133
"2","12:00:05.319",51.40699116,-2.66316104
"2","12:00:05.339",51.4069907,-2.66316076
"2","12:00:05.360",51.40699017,-2.66316066
"2","12:00:05.380",51.40698957,-2.66316062
"2","12:00:05.400",51.40698898,-2.66316039
"2","12:00:05.420",51.40698848,-2.6631599
"2","12:00:05.440",51.406988,-2.66315942
"2","12:00:05.460",51.40698747,-2.66315909
"2","12:00:05.480",51.40698691,-2.66315879
"2","12:00:05.500",51.40698639,-2.66315841
"2","12:00:05.519",51.40698591,-2.66315796
"2","12:00:05.539",51.40698542,-2.66315755
"2","12:00:05.559",51.40698489,-2.6631572
"2","12:00:05.579",51.40698434,-2.66315682
"2","12:00:05.599",51.40698381,-2.66315637
"2","12:00:05.619",51.4069833,-2.66315591
"2","12:00:05.639",51.40698282,-2.66315546
"2","12:00:05.660",51.40698235,-2.66315493
"2","12:00:05.680",51.40698192,-2.66315426
"2","12:00:05.700",51.40698151,-2.66315356
"2","12:00:05.720",51.40698109,-2.66315298
"2","12:00:05.740",51.40698069,-2.6631524
"2","12:00:05.759",51.40698035,-2.66315162
"2","12:00:05.779",51.40698001,-2.66315077
"2","12:00:05.799",51.40697968,-2.66314992
"2","12:00:05.819",51.40697934,-2.66314897
"2","12:00:05.839",51.40697904,-2.66314794
"2","12:00:05.860",51.40697874,-2.66314697
"2","12:00:05.880",51.40697845,-2.66314612
"2","12:00:05.900",51.40697818,-2.66314528
"2","12:00:05.920",51.40697793,-2.66314426
"2","12:00:05.940",51.40697772,-2.66314315
"2","12:00:05.960",51.4069775,-2.66314218
"2","12:00:05.980",51.40697726,-2.66314126
"2","12:00:06.000",51.40697704,-2.66314026
"2","12:00:06.019",51.40697687,-2.66313922
"2","12:00:06.039",51.40697672,-2.6631382
"2","12:00:06.059",51.40697658,-2.66313717
"2","12:00:06.079",51.40697643,-2.66313599
"2","12:00:06.099",51.4069763,-2.66313478
"2","12:00:06.119",51.40697616,-2.66313369
"2","12:00:06.139",51.40697601,-2.66313273
"2","12:00:06.160",51.40697585,-2.66313177
"2","12:00:06.180",51.40697573,-2.66313066
"2","12:00:06.200",51.40697568,-2.66312937
"2","12:00:06.220",51.40697564,-2.66312814
"2","12:00:06.240",51.40697557,-2.66312696
"2","12:00:06.259",51.40697548,-2.6631257
"2","12:00:06.279",51.40697542,-2.66312435
"2","12:00:06.299",51.40697539,-2.66312288
"2","12:00:06.319",51.40697533,-2.6631215
"2","12:00:06.339",51.40697522,-2.66312029
"2","12:00:06.360",51.4069751,-2.6631191
"2","12:00:06.380",51.40697502,-2.66311777
"2","12:00:06.400",51.40697494,-2.66311634
"2","12:00:06.420",51.40697481,-2.66311503
"2","12:00:06.440",51.40697464,-2.66311392
"2","12:00:06.460",51.40697446,-2.66311281
"2","12:00:06.480",51.40697431,-2.66311159
"2","12:00:06.500",51.40697414,-2.66311038
"2","12:00:06.519",51.40697395,-2.66310918
"2","12:00:06.539",51.40697375,-2.66310786
"2","12:00:06.559",51.40697355,-2.66310645
"2","12:00:06.579",51.40697336,-2.66310509
"2","12:00:06.599",51.40697317,-2.66310384
"2","12:00:06.619",51.40697298,-2.66310274
"2","12:00:06.639",51.4069728,-2.66310173
"2","12:00:06.660",51.40697264,-2.66310069
"2","12:00:06.680",51.40697249,-2.6630996
"2","12:00:06.700",51.40697234,-2.66309848
"2","12:00:06.720",51.40697217,-2.66309743
"2","12:00:06.740",51.40697199,-2.66309643
"2","12:00:06.759",51.40697178,-2.66309543
"2","12:00:06.779",51.4069716,-2.66309441
"2","12:00:06.799",51.40697143,-2.66309339
"2","12:00:06.819",51.40697125,-2.66309245
"2","12:00:06.839",51.40697105,-2.66309144
"2","12:00:06.860",51.40697089,-2.66309033
"2","12:00:06.880",51.40697073,-2.66308928
"2","12:00:06.900",51.40697053,-2.66308848
"2","12:00:06.920",51.4069703,-2.66308794
"2","12:00:06.940",51.40697006,-2.66308743
"2","12:00:06.960",51.40696983,-2.66308669
"2","12:00:06.980",51.4069696,-2.66308576
"2","12:00:07.000",51.40696935,-2.66308482
"2","12:00:07.019",51.40696907,-2.6630841
"2","12:00:07.039",51.40696879,-2.66308348
"2","12:00:07.059",51.40696856,-2.66308267
"2","12:00:07.079",51.40696835,-2.66308163
"2","12:00:07.099",51.40696812,-2.66308045
"2","12:00:07.119",51.40696784,-2.66307939
"2","12:00:07.139",51.40696752,-2.66307861
"2","12:00:07.160",51.40696719,-2.66307806
"2","12:00:07.180",51.40696685,-2.66307761
"2","12:00:07.200",51.40696653,-2.66307705
"2","12:00:07.220",51.40696622,-2.66307623
"2","12:00:07.240",51.40696592,-2.66307531
"2","12:00:07.259",51.40696561,-2.66307462
"2","12:00:07.279",51.40696527,-2.66307405
"2","12:00:07.299",51.40696493,-2.6630735
"3","12:00:00.000",51.40692372,-2.66310713
"3","12:00:00.019",51.40692411,-2.66310698
"3","12:00:00.039",51.40692455,-2.66310678
"3","12:00:00.059",51.40692509,-2.66310647
"3","12:00:00.079",51.40692567,-2.66310602
"3","12:00:00.099",51.40692624,-2.66310556
"3","12:00:00.119",51.40692682,-2.66310511
"3","12:00:00.139",51.40692686,-2.66310379
"3","12:00:00.160",51.4069269,-2.66310249
"3","12:00:00.180",51.40692695,-2.66310118
"3","12:00:00.200",51.40692699,-2.66309988
"3","12:00:00.220",51.40692718,-2.66309882
"3","12:00:00.240",51.40692751,-2.66309827
"3","12:00:00.259",51.40692783,-2.66309773
"3","12:00:00.279",51.40692811,-2.66309728
"3","12:00:00.299",51.40692839,-2.66309666
"3","12:00:00.319",51.40692875,-2.66309615
"3","12:00:00.339",51.40692918,-2.66309604
"3","12:00:00.360",51.40692963,-2.66309573
"3","12:00:00.380",51.40693008,-2.66309521
"3","12:00:00.400",51.40693054,-2.66309482
"3","12:00:00.420",51.40693103,-2.66309472
"3","12:00:00.440",51.4069315,-2.66309444
"3","12:00:00.460",51.40693195,-2.66309387
"3","12:00:00.480",51.40693237,-2.66309355
"3","12:00:00.500",51.4069328,-2.66309354
"3","12:00:00.519",51.40693323,-2.66309349
"3","12:00:00.539",51.40693364,-2.66309298
"3","12:00:00.559",51.40693407,-2.66309241
"3","12:00:00.579",51.40693455,-2.66309244
"3","12:00:00.599",51.40693499,-2.66309249
"3","12:00:00.619",51.40693537,-2.66309193
"3","12:00:00.639",51.40693571,-2.6630912
"3","12:00:00.660",51.40693613,-2.66309119
"3","12:00:00.680",51.40693656,-2.66309151
"3","12:00:00.700",51.40693694,-2.66309164
"3","12:00:00.720",51.40693734,-2.66309198
"3","12:00:00.740",51.40693779,-2.6630926
"3","12:00:00.759",51.40693822,-2.66309286
"3","12:00:00.779",51.40693864,-2.66309274
"3","12:00:00.799",51.40693903,-2.66309242
"3","12:00:00.819",51.40693945,-2.66309262
"3","12:00:00.839",51.4069399,-2.66309329
"3","12:00:00.860",51.40694032,-2.66309368
"3","12:00:00.880",51.40694071,-2.66309392
"3","12:00:00.900",51.40694108,-2.6630942
"3","12:00:00.920",51.40694142,-2.66309444
"3","12:00:00.940",51.40694175,-2.66309478
"3","12:00:00.960",51.40694211,-2.66309532
"3","12:00:00.980",51.40694244,-2.66309591
"3","12:00:01.000",51.40694272,-2.66309651
"3","12:00:01.019",51.40694301,-2.66309733
"3","12:00:01.039",51.40694333,-2.66309834
"3","12:00:01.059",51.40694364,-2.6630992
"3","12:00:01.079",51.40694392,-2.66309972
"3","12:00:01.099",51.40694422,-2.66310009
"3","12:00:01.119",51.40694449,-2.66310069
"3","12:00:01.139",51.40694471,-2.66310194
"3","12:00:01.160",51.40694492,-2.6631034
"3","12:00:01.180",51.40694512,-2.66310458
"3","12:00:01.200",51.40694532,-2.66310546
"3","12:00:01.220",51.4069455,-2.66310626
"3","12:00:01.240",51.40694568,-2.66310685
"3","12:00:01.259",51.40694585,-2.66310754
"3","12:00:01.279",51.40694598,-2.66310853
"3","12:00:01.299",51.40694607,-2.66310949
"3","12:00:01.319",51.40694614,-2.66311034
"3","12:00:01.339",51.40694621,-2.66311094
"3","12:00:01.360",51.40694629,-2.66311161
"3","12:00:01.380",51.40694638,-2.66311267
"3","12:00:01.400",51.40694643,-2.6631138
"3","12:00:01.420",51.40694646,-2.66311471
"3","12:00:01.440",51.40694648,-2.66311557
"3","12:00:01.460",51.4069465,-2.6631167
"3","12:00:01.480",51.40694653,-2.66311789
"3","12:00:01.500",51.40694656,-2.6631193
"3","12:00:01.519",51.40694659,-2.66312079
"3","12:00:01.539",51.40694663,-2.66312226
"3","12:00:01.559",51.40694666,-2.66312347
"3","12:00:01.579",51.40694667,-2.66312444
"3","12:00:01.599",51.40694665,-2.66312537
"3","12:00:01.619",51.4069466,-2.66312637
"3","12:00:01.639",51.40694656,-2.66312755
"3","12:00:01.660",51.40694655,-2.66312876
"3","12:00:01.680",51.40694654,-2.66312975
"3","12:00:01.700",51.40694652,-2.66313064
"3","12:00:01.720",51.40694645,-2.66313168
"3","12:00:01.740",51.4069464,-2.66313284
"3","12:00:01.759",51.40694639,-2.66313395
"3","12:00:01.779",51.40694639,-2.663135
"3","12:00:01.799",51.40694637,-2.66313598
"3","12:00:01.819",51.4069463,-2.66313692
"3","12:00:01.839",51.40694624,-2.66313796
"3","12:00:01.860",51.40694621,-2.66313905
"3","12:00:01.880",51.40694621,-2.66314016
"3","12:00:01.900",51.40694623,-2.6631412
"3","12:00:01.920",51.40694623,-2.6631423
"3","12:00:01.940",51.40694619,-2.66314346
"3","12:00:01.960",51.40694613,-2.66314464
"3","12:00:01.980",51.40694608,-2.66314586
"3","12:00:02.000",51.40694604,-2.66314706
"3","12:00:02.019",51.40694599,-2.66314803
"3","12:00:02.039",51.40694594,-2.66314895
"3","12:00:02.059",51.40694584,-2.66315001
"3","12:00:02.079",51.4069457,-2.663151
"3","12:00:02.099",51.40694554,-2.66315183
"3","12:00:02.119",51.40694534,-2.6631527
"3","12:00:02.139",51.4069451,-2.66315348
"3","12:00:02.160",51.40694485,-2.66315405
"3","12:00:02.180",51.40694458,-2.6631547
"3","12:00:02.200",51.40694429,-2.66315546
"3","12:00:02.220",51.40694396,-2.66315604
"3","12:00:02.240",51.40694364,-2.66315631
"3","12:00:02.259",51.4069433,-2.66315663
"3","12:00:02.279",51.4069429,-2.66315713
"3","12:00:02.299",51.40694247,-2.66315756
"3","12:00:02.319",51.40694206,-2.66315797
"3","12:00:02.339",51.40694166,-2.66315845
"3","12:00:02.360",51.40694125,-2.66315887
"3","12:00:02.380",51.40694079,-2.6631592
"3","12:00:02.400",51.40694031,-2.66315961
"3","12:00:02.420",51.40693986,-2.6631602
"3","12:00:02.440",51.4069394,-2.66316072
"3","12:00:02.460",51.40693892,-2.66316104
"3","12:00:02.480",51.40693846,-2.66316141
"3","12:00:02.500",51.40693802,-2.66316191
"3","12:00:02.519",51.40693758,-2.66316229
"3","12:00:02.539",51.40693712,-2.66316245
"3","12:00:02.559",51.40693669,-2.66316262
"3","12:00:02.579",51.40693627,-2.66316287
"3","12:00:02.599",51.40693582,-2.66316301
"3","12:00:02.619",51.40693537,-2.66316316
"3","12:00:02.639",51.40693495,-2.66316334
"3","12:00:02.660",51.40693455,-2.66316341
"3","12:00:02.680",51.40693418,-2.66316336
"3","12:00:02.700",51.40693384,-2.66316328
"3","12:00:02.720",51.40693352,-2.6631631
"3","12:00:02.740",51.40693318,-2.66316274
"3","12:00:02.759",51.40693285,-2.66316227
"3","12:00:02.779",51.40693256,-2.66316179
"3","12:00:02.799",51.40693228,-2.66316126
"3","12:00:02.819",51.40693199,-2.66316063
"3","12:00:02.839",51.40693176,-2.66315996
"3","12:00:02.860",51.40693162,-2.66315927
"3","12:00:02.880",51.40693157,-2.66315856
"3","12:00:02.900",51.40693159,-2.66315787
"3","12:00:02.920",51.40693164,-2.66315713
"3","12:00:02.940",51.4069317,-2.66315635
"3","12:00:02.960",51.40693178,-2.66315548
"3","12:00:02.980",51.4069319,-2.66315451
"3","12:00:03.000",51.40693208,-2.66315357
"3","12:00:03.019",51.40693231,-2.66315261
"3","12:00:03.039",51.4069326,-2.66315171
"3","12:00:03.059",51.40693296,-2.66315101
"3","12:00:03.079",51.40693334,-2.6631503
"3","12:00:03.099",51.40693374,-2.66314956
"3","12:00:03.119",51.4069342,-2.66314908
"3","12:00:03.139",51.40693468,-2.6631488
"3","12:00:03.160",51.40693518,-2.6631486
"3","12:00:03.180",51.40693571,-2.66314851
"3","12:00:03.200",51.40693627,-2.66314846
"3","12:00:03.220",51.40693682,-2.66314825
"3","12:00:03.240",51.40693738,-2.66314803
"3","12:00:03.259",51.40693792,-2.66314791
"3","12:00:03.279",51.40693846,-2.66314768
"3","12:00:03.299",51.40693897,-2.66314732
"3","12:00:03.319",51.4069395,-2.66314709
"3","12:00:03.339",51.40694004,-2.66314696
"3","12:00:03.360",51.40694056,-2.66314671
"3","12:00:03.380",51.40694106,-2.66314643
"3","12:00:03.400",51.40694159,-2.66314633
"3","12:00:03.420",51.40694213,-2.66314635
"3","12:00:03.440",51.40694268,-2.66314624
"3","12:00:03.460",51.40694323,-2.66314601
"3","12:00:03.480",51.40694375,-2.66314592
"3","12:00:03.500",51.40694426,-2.66314613
"3","12:00:03.519",51.40694477,-2.66314625
"3","12:00:03.539",51.40694528,-2.6631461
"3","12:00:03.559",51.40694581,-2.6631462
"3","12:00:03.579",51.40694635,-2.66314665
"3","12:00:03.599",51.40694689,-2.66314698
"3","12:00:03.619",51.40694744,-2.66314706
"3","12:00:03.639",51.40694796,-2.66314722
"3","12:00:03.660",51.40694846,-2.66314766
"3","12:00:03.680",51.40694896,-2.66314808
"3","12:00:03.700",51.40694948,-2.66314829
"3","12:00:03.720",51.40695,-2.66314853
"3","12:00:03.740",51.40695052,-2.66314887
"3","12:00:03.759",51.40695103,-2.66314924
"3","12:00:03.779",51.40695156,-2.66314958
"3","12:00:03.799",51.40695206,-2.66314997
"3","12:00:03.819",51.40695254,-2.66315038
"3","12:00:03.839",51.406953,-2.66315075
"3","12:00:03.860",51.40695348,-2.66315109
"3","12:00:03.880",51.40695397,-2.66315154
"3","12:00:03.900",51.40695447,-2.66315211
"3","12:00:03.920",51.40695501,-2.66315267
"3","12:00:03.940",51.40695555,-2.663153
"3","12:00:03.960",51.40695606,-2.66315324
"3","12:00:03.980",51.40695657,-2.66315355
"3","12:00:04.000",51.40695712,-2.66315383
"3","12:00:04.019",51.40695768,-2.66315394
"3","12:00:04.039",51.40695821,-2.66315402
"3","12:00:04.059",51.40695873,-2.66315421
"3","12:00:04.079",51.4069593,-2.66315446
"3","12:00:04.099",51.40695992,-2.66315453
"3","12:00:04.119",51.40696053,-2.66315433
"3","12:00:04.139",51.40696112,-2.66315419
"3","12:00:04.160",51.40696171,-2.66315414
"3","12:00:04.180",51.40696233,-2.66315397
"3","12:00:04.200",51.40696295,-2.66315355
"3","12:00:04.220",51.40696354,-2.6631532
"3","12:00:04.240",51.40696415,-2.66315289
"3","12:00:04.259",51.40696477,-2.6631524
"3","12:00:04.279",51.40696539,-2.66315188
"3","12:00:04.299",51.40696595,-2.66315156
"3","12:00:04.319",51.4069665,-2.66315109
"3","12:00:04.339",51.40696709,-2.66315028
"3","12:00:04.360",51.40696771,-2.66314933
"3","12:00:04.380",51.40696828,-2.66314841
"3","12:00:04.400",51.40696879,-2.66314746
"3","12:00:04.420",51.40696926,-2.66314655
"3","12:00:04.440",51.4069697,-2.66314557
"3","12:00:04.460",51.40697009,-2.66314456
"3","12:00:04.480",51.40697042,-2.66314361
"3","12:00:04.500",51.40697072,-2.66314259
"3","12:00:04.519",51.40697102,-2.66314135
"3","12:00:04.539",51.40697132,-2.66314001
"3","12:00:04.559",51.40697156,-2.66313861
"3","12:00:04.579",51.40697174,-2.66313727
"3","12:00:04.599",51.40697188,-2.66313612
"3","12:00:04.619",51.40697198,-2.66313502
"3","12:00:04.639",51.40697204,-2.66313392
"3","12:00:04.660",51.40697206,-2.66313295
"3","12:00:04.680",51.40697203,-2.66313216
"3","12:00:04.700",51.40697196,-2.66313133
"3","12:00:04.720",51.40697184,-2.66313066
"3","12:00:04.740",51.40697165,-2.66313011
"3","12:00:04.759",51.40697147,-2.66312953
"3","12:00:04.779",51.40697133,-2.66312877
"3","12:00:04.799",51.40697117,-2.66312812
"3","12:00:04.819",51.40697095,-2.66312762
"3","12:00:04.839",51.40697069,-2.66312704
"3","12:00:04.860",51.40697044,-2.66312641
"3","12:00:04.880",51.40697017,-2.66312588
"3","12:00:04.900",51.40696986,-2.66312544
"3","12:00:04.920",51.40696952,-2.66312494
"3","12:00:04.940",51.40696917,-2.66312452
"3","12:00:04.960",51.40696878,-2.66312427
"3","12:00:04.980",51.40696841,-2.66312387
"3","12:00:05.000",51.40696807,-2.66312335
"3","12:00:05.019",51.40696768,-2.663123
"3","12:00:05.039",51.40696724,-2.66312267
"3","12:00:05.059",51.40696684,-2.66312201
"3","12:00:05.079",51.40696645,-2.66312151
"3","12:00:05.099",51.40696604,-2.66312143
"3","12:00:05.119",51.40696564,-2.66312122
"3","12:00:05.139",51.40696524,-2.66312067
"3","12:00:05.160",51.4069648,-2.66312034
"3","12:00:05.180",51.40696432,-2.66312042
"3","12:00:05.200",51.40696385,-2.66312026
"3","12:00:05.220",51.40696342,-2.66311983
"3","12:00:05.240",51.40696299,-2.66311962
"3","12:00:05.259",51.40696253,-2.66311977
"3","12:00:05.279",51.40696208,-2.66311982
"3","12:00:05.299",51.40696165,-2.66311956
"3","12:00:05.319",51.4069612,-2.66311942
"3","12:00:05.339",51.4069607,-2.66311963
"3","12:00:05.360",51.40696022,-2.66311961
"3","12:00:05.380",51.40695978,-2.66311924
"3","12:00:05.400",51.4069594,-2.66311894
"3","12:00:05.420",51.40695898,-2.66311895
"3","12:00:05.440",51.40695854,-2.66311899
"3","12:00:05.460",51.40695811,-2.66311885
"3","12:00:05.480",51.40695767,-2.66311861
"3","12:00:05.500",51.40695722,-2.66311859
"3","12:00:05.519",51.40695676,-2.663119
"3","12:00:05.539",51.40695631,-2.6631193
"3","12:00:05.559",51.40695586,-2.6631192
"3","12:00:05.579",51.40695541,-2.66311905
"3","12:00:05.599",51.40695497,-2.6631192
"3","12:00:05.619",51.40695451,-2.66311928
"3","12:00:05.639",51.40695407,-2.66311901
"3","12:00:05.660",51.40695365,-2.66311877
"3","12:00:05.680",51.40695322,-2.66311899
"3","12:00:05.700",51.40695279,-2.66311931
"3","12:00:05.720",51.40695236,-2.66311941
"3","12:00:05.740",51.40695194,-2.66311946
"3","12:00:05.759",51.40695154,-2.66311987
"3","12:00:05.779",51.40695114,-2.6631204
"3","12:00:05.799",51.40695075,-2.66312048
"3","12:00:05.819",51.40695035,-2.66312044
"3","12:00:05.839",51.40694996,-2.66312084
"3","12:00:05.860",51.4069496,-2.66312172
"3","12:00:05.880",51.40694924,-2.66312262
"3","12:00:05.900",51.40694886,-2.66312329
"3","12:00:05.920",51.4069485,-2.66312394
"3","12:00:05.940",51.4069482,-2.6631248
"3","12:00:05.960",51.40694789,-2.66312579
"3","12:00:05.980",51.40694754,-2.66312672
"3","12:00:06.000",51.4069472,-2.66312771
"3","12:00:06.019",51.4069469,-2.66312882
"3","12:00:06.039",51.40694665,-2.66313
"3","12:00:06.059",51.40694638,-2.66313106
"3","12:00:06.079",51.40694609,-2.66313208
"3","12:00:06.099",51.40694583,-2.66313319
"3","12:00:06.119",51.40694559,-2.66313452
"3","12:00:06.139",51.40694536,-2.6631358
"3","12:00:06.160",51.40694512,-2.6631368
"3","12:00:06.180",51.40694486,-2.66313772
"3","12:00:06.200",51.40694463,-2.66313876
"3","12:00:06.220",51.40694439,-2.66313983
"3","12:00:06.240",51.40694413,-2.66314082
"3","12:00:06.259",51.40694389,-2.66314188
"3","12:00:06.279",51.40694368,-2.66314312
"3","12:00:06.299",51.40694346,-2.66314442
"3","12:00:06.319",51.40694324,-2.66314548
"3","12:00:06.339",51.40694304,-2.66314641
"3","12:00:06.360",51.40694286,-2.66314742
"3","12:00:06.380",51.40694273,-2.66314863
"3","12:00:06.400",51.4069426,-2.66314981
"3","12:00:06.420",51.40694243,-2.66315093
"3","12:00:06.440",51.40694225,-2.66315212
"3","12:00:06.460",51.40694208,-2.6631534
"3","12:00:06.480",51.40694192,-2.66315458
"3","12:00:06.500",51.40694176,-2.66315567
"3","12:00:06.519",51.40694163,-2.66315678
"3","12:00:06.539",51.40694154,-2.66315789
"3","12:00:06.559",51.40694147,-2.66315901
"3","12:00:06.579",51.40694138,-2.66316005
"3","12:00:06.599",51.40694127,-2.66316098
"3","12:00:06.619",51.40694116,-2.66316197
"3","12:00:06.639",51.40694112,-2.663163
"3","12:00:06.660",51.40694113,-2.66316408
"3","12:00:06.680",51.40694115,-2.66316516
"3","12:00:06.700",51.40694118,-2.66316619
"3","12:00:06.720",51.40694121,-2.66316709
"3","12:00:06.740",51.40694127,-2.66316797
"3","12:00:06.759",51.40694137,-2.66316893
"3","12:00:06.779",51.40694149,-2.66316994
"3","12:00:06.799",51.40694165,-2.66317094
"3","12:00:06.819",51.40694186,-2.6631719
"3","12:00:06.839",51.40694207,-2.6631728
"3","12:00:06.860",51.40694227,-2.66317373
"3","12:00:06.880",51.40694248,-2.66317477
"3","12:00:06.900",51.40694272,-2.6631759
"3","12:00:06.920",51.40694298,-2.66317702
"3","12:00:06.940",51.40694326,-2.66317812
"3","12:00:06.960",51.40694352,-2.66317921
"3","12:00:06.980",51.40694376,-2.66318028
"3","12:00:07.000",51.40694403,-2.66318141
"3","12:00:07.019",51.40694432,-2.66318257
"3","12:00:07.039",51.4069446,-2.66318367
"3","12:00:07.059",51.40694487,-2.66318477
"3","12:00:07.079",51.40694514,-2.66318592
"3","12:00:07.099",51.40694542,-2.66318702
"3","12:00:07.119",51.40694571,-2.663188
"3","12:00:07.139",51.406946,-2.66318896
"3","12:00:07.160",51.40694632,-2.66318991
"3","12:00:07.180",51.40694667,-2.66319089
"3","12:00:07.200",51.40694705,-2.66319193
"3","12:00:07.220",51.40694744,-2.66319296
"3","12:00:07.240",51.40694783,-2.66319389
"3","12:00:07.259",51.40694822,-2.66319475
"3","12:00:07.279",51.4069486,-2.66319554
"3","12:00:07.299",51.40694897,-2.66319624
"3","12:00:07.319",51.40694931,-2.66319679
"3","12:00:07.339",51.40694964,-2.6631972
"3","12:00:07.360",51.40694997,-2.66319756
"3","12:00:07.380",51.40695032,-2.66319792
"3","12:00:07.400",51.40695068,-2.66319826
"3","12:00:07.420",51.40695106,-2.66319854
"3","12:00:07.440",51.40695142,-2.66319879
"3","12:00:07.460",51.40695178,-2.66319904
"3","12:00:07.480",51.40695214,-2.66319931
"3","12:00:07.500",51.40695251,-2.66319953
"3","12:00:07.519",51.40695285,-2.66319961
"3","12:00:07.539",51.40695319,-2.66319964
"3","12:00:07.559",51.4069536,-2.6631997
"3","12:00:07.579",51.40695404,-2.66319967
"3","12:00:07.599",51.40695447,-2.66319952
"3","12:00:07.619",51.40695491,-2.66319941
"3","12:00:07.639",51.40695536,-2.66319928
"3","12:00:07.660",51.40695579,-2.66319894
"3","12:00:07.680",51.40695623,-2.6631986
"3","12:00:07.700",51.40695669,-2.66319848
"3","12:00:07.720",51.40695716,-2.66319831
"3","12:00:07.740",51.40695762,-2.66319797
"3","12:00:07.759",51.40695807,-2.66319762
"3","12:00:07.779",51.40695851,-2.66319734
"3","12:00:07.799",51.40695893,-2.66319706
"3","12:00:07.819",51.40695934,-2.66319662
"3","12:00:07.839",51.40695974,-2.66319609
"3","12:00:07.860",51.40696018,-2.66319565
"3","12:00:07.880",51.40696067,-2.66319525
"3","12:00:07.900",51.40696114,-2.66319482
"3","12:00:07.920",51.40696153,-2.66319437
"3","12:00:07.940",51.40696195,-2.66319388
"3","12:00:07.960",51.40696241,-2.66319324
"3","12:00:07.980",51.40696288,-2.66319247
"3","12:00:08.000",51.40696331,-2.66319174
"3","12:00:08.019",51.40696372,-2.66319102
"3","12:00:08.039",51.40696414,-2.66319022
"3","12:00:08.059",51.40696452,-2.66318936
"3","12:00:08.079",51.40696489,-2.66318844
"3","12:00:08.099",51.40696524,-2.66318746
"3","12:00:08.119",51.4069656,-2.66318642
"3","12:00:08.139",51.40696593,-2.66318536
"3","12:00:08.160",51.40696623,-2.66318424
"3","12:00:08.180",51.40696655,-2.66318302
"3","12:00:08.200",51.40696688,-2.66318175
"3","12:00:08.220",51.40696715,-2.66318051
"3","12:00:08.240",51.40696736,-2.66317937
"3","12:00:08.259",51.40696754,-2.66317824
"3","12:00:08.279",51.40696771,-2.663177
"3","12:00:08.299",51.40696787,-2.66317567
"3","12:00:08.319",51.40696801,-2.66317423
"3","12:00:08.339",51.40696812,-2.66317272
"3","12:00:08.360",51.40696819,-2.66317127
"3","12:00:08.380",51.40696824,-2.66316995
"3","12:00:08.400",51.40696825,-2.6631687
"3","12:00:08.420",51.40696822,-2.66316745
"3","12:00:08.440",51.40696817,-2.66316612
"3","12:00:08.460",51.4069681,-2.66316478
"3","12:00:08.480",51.40696798,-2.66316357
"3","12:00:08.500",51.40696781,-2.66316244
"3","12:00:08.519",51.40696763,-2.66316133
"3","12:00:08.539",51.40696742,-2.6631602
"3","12:00:08.559",51.40696716,-2.66315909
"3","12:00:08.579",51.40696688,-2.663158
"3","12:00:08.599",51.40696661,-2.66315689
"3","12:00:08.619",51.40696632,-2.6631559
"3","12:00:08.639",51.40696599,-2.66315501
"3","12:00:08.660",51.40696562,-2.66315405
"3","12:00:08.680",51.40696524,-2.66315299
"3","12:00:08.700",51.40696482,-2.66315204
"3","12:00:08.720",51.40696439,-2.66315122
"3","12:00:08.740",51.406964,-2.66315016
"3","12:00:08.759",51.40696364,-2.66314896
"3","12:00:08.779",51.40696323,-2.66314802
"3","12:00:08.799",51.40696278,-2.66314724
"3","12:00:08.819",51.40696234,-2.66314636
"3","12:00:08.839",51.40696191,-2.66314532
"3","12:00:08.860",51.40696146,-2.66314445
"3","12:00:08.880",51.40696095,-2.66314381
"3","12:00:08.900",51.40696044,-2.66314309
"3","12:00:08.920",51.40695999,-2.66314214
"3","12:00:08.940",51.40695954,-2.6631412
"3","12:00:08.960",51.40695904,-2.66314064
"3","12:00:08.980",51.40695849,-2.66314024
"3","12:00:09.000",51.40695793,-2.66313963
"3","12:00:09.019",51.40695742,-2.66313888
"3","12:00:09.039",51.40695693,-2.66313815
"3","12:00:09.059",51.40695639,-2.66313753
"3","12:00:09.079",51.40695586,-2.66313694
"3","12:00:09.099",51.40695535,-2.66313615
"3","12:00:09.119",51.40695483,-2.66313537
"3","12:00:09.139",51.40695426,-2.66313491
"3","12:00:09.160",51.40695368,-2.66313459
"3","12:00:09.180",51.40695317,-2.66313398
"3","12:00:09.200",51.40695269,-2.6631331
"3","12:00:09.220",51.4069522,-2.66313237
"3","12:00:09.240",51.40695166,-2.66313193
"3","12:00:09.259",51.40695107,-2.66313165
"3","12:00:09.279",51.40695052,-2.66313121
"3","12:00:09.299",51.40695003,-2.66313047
"3","12:00:09.319",51.40694952,-2.66312989
"3","12:00:09.339",51.40694893,-2.66312959
"3","12:00:09.360",51.40694831,-2.66312933
"3","12:00:09.380",51.40694772,-2.66312887
"3","12:00:09.400",51.40694718,-2.66312836
"3","12:00:09.420",51.40694666,-2.66312813
"3","12:00:09.440",51.40694611,-2.66312787
"3","12:00:09.460",51.40694555,-2.66312735
"3","12:00:09.480",51.40694499,-2.66312688
"3","12:00:09.500",51.40694441,-2.66312678
"3","12:00:09.519",51.40694383,-2.66312681
"3","12:00:09.539",51.40694328,-2.66312672
"3","12:00:09.559",51.40694274,-2.66312644
"3","12:00:09.579",51.4069422,-2.66312626
"3","12:00:09.599",51.40694164,-2.66312632
"3","12:00:09.619",51.4069411,-2.66312632
"3","12:00:09.639",51.40694056,-2.66312603
"3","12:00:09.660",51.40693998,-2.66312556
"3","12:00:09.680",51.40693938,-2.66312533
"3","12:00:09.700",51.40693878,-2.6631251
"3","12:00:09.720",51.40693821,-2.66312476
"3","12:00:09.740",51.40693768,-2.66312459
"3","12:00:09.759",51.40693717,-2.66312479
"3","12:00:09.779",51.40693668,-2.66312516
"3","12:00:09.799",51.40693614,-2.66312546
"3","12:00:09.819",51.4069356,-2.66312587
"3","12:00:09.839",51.4069351,-2.66312662
"3","12:00:09.860",51.40693464,-2.66312757
"3","12:00:09.880",51.40693419,-2.6631283
"3","12:00:09.900",51.40693373,-2.66312893
"3","12:00:09.920",51.40693329,-2.66312964
"3","12:00:09.940",51.4069329,-2.66313058
"3","12:00:09.960",51.40693253,-2.6631317
"3","12:00:09.980",51.40693214,-2.66313269
"3","12:00:10.000",51.40693178,-2.66313362
"3","12:00:10.019",51.4069315,-2.66313487
"3","12:00:10.039",51.4069312,-2.66313608
"3","12:00:10.059",51.40693087,-2.66313715
"3","12:00:10.079",51.40693059,-2.66313837
"3","12:00:10.099",51.40693036,-2.66313982
"3","12:00:10.119",51.4069301,-2.66314099
"3","12:00:10.139",51.4069298,-2.66314195
"3","12:00:10.160",51.40692953,-2.66314295
"3","12:00:10.180",51.40692932,-2.66314404
"3","12:00:10.200",51.40692913,-2.6631451
"3","12:00:10.220",51.40692894,-2.66314617
"3","12:00:10.240",51.40692877,-2.66314726
"3","12:00:10.259",51.40692862,-2.66314836
"3","12:00:10.279",51.40692849,-2.66314937
"3","12:00:10.299",51.40692841,-2.66315038
"3","12:00:10.319",51.40692839,-2.66315141
"3","12:00:10.339",51.40692838,-2.66315239
"3","12:00:10.360",51.40692837,-2.66315322
"3","12:00:10.380",51.4069284,-2.66315396
"3","12:00:10.400",51.40692849,-2.66315476
"3","12:00:10.420",51.4069286,-2.6631556
"3","12:00:10.440",51.40692874,-2.66315642
"3","12:00:10.460",51.40692895,-2.66315717
"3","12:00:10.480",51.40692915,-2.66315783
"3","12:00:10.500",51.40692937,-2.66315855
"3","12:00:10.519",51.4069296,-2.66315922
"3","12:00:10.539",51.40692985,-2.66315986
"3","12:00:10.559",51.40693014,-2.6631605
"3","12:00:10.579",51.40693045,-2.66316111
"3","12:00:10.599",51.40693076,-2.66316162
"3","12:00:10.619",51.40693108,-2.66316209
"3","12:00:10.639",51.40693146,-2.66316262
"3","12:00:10.660",51.4069319,-2.66316319
"3","12:00:10.680",51.40693234,-2.66316362
"3","12:00:10.700",51.40693277,-2.66316399
"3","12:00:10.720",51.40693323,-2.66316433
"3","12:00:10.740",51.40693366,-2.66316456
"3","12:00:10.759",51.40693408,-2.66316478
"3","12:00:10.779",51.40693452,-2.66316502
"3","12:00:10.799",51.40693496,-2.66316508
"3","12:00:10.819",51.40693536,-2.66316504
"3","12:00:10.839",51.40693579,-2.66316519
"3","12:00:10.860",51.40693625,-2.66316547
"3","12:00:10.880",51.40693671,-2.66316568
"3","12:00:10.900",51.40693715,-2.66316582
"3","12:00:10.920",51.40693761,-2.66316584
"3","12:00:10.940",51.40693807,-2.66316574
"3","12:00:10.960",51.40693852,-2.66316552
"3","12:00:10.980",51.40693893,-2.66316523
"3","12:00:11.000",51.40693933,-2.66316501
"3","12:00:11.019",51.40693974,-2.6631649
"3","12:00:11.039",51.40694015,-2.6631647
"3","12:00:11.059",51.40694058,-2.66316433
"3","12:00:11.079",51.40694103,-2.66316396
"3","12:00:11.099",51.40694148,-2.66316364
"3","12:00:11.119",51.40694189,-2.66316339
"3","12:00:11.139",51.4069423,-2.66316316
"3","12:00:11.160",51.40694271,-2.66316293
"3","12:00:11.180",51.40694315,-2.66316255
"3","12:00:11.200",51.40694356,-2.6631619
"3","12:00:11.220",51.40694395,-2.66316124
"3","12:00:11.240",51.40694439,-2.66316081
"3","12:00:11.259",51.40694484,-2.66316038
"3","12:00:11.279",51.40694525,-2.66315973
"3","12:00:11.299",51.40694562,-2.66315901
"3","12:00:11.319",51.40694601,-2.66315834
"3","12:00:11.339",51.40694639,-2.66315761
"3","12:00:11.360",51.40694675,-2.6631567
"3","12:00:11.380",51.4069471,-2.6631557
"3","12:00:11.400",51.40694743,-2.6631549
"3","12:00:11.420",51.40694774,-2.66315413
"3","12:00:11.440",51.40694802,-2.66315329
"3","12:00:11.460",51.40694828,-2.66315241
"3","12:00:11.480",51.4069485,-2.66315146
"3","12:00:11.500",51.40694867,-2.66315041
"3","12:00:11.519",51.40694881,-2.66314938
"3","12:00:11.539",51.40694894,-2.66314852
"3","12:00:11.559",51.40694906,-2.66314767
"3","12:00:11.579",51.40694915,-2.66314676
"3","12:00:11.599",51.40694921,-2.66314584
"3","12:00:11.619",51.40694926,-2.66314491
"3","12:00:11.639",51.40694927,-2.66314383
"3","12:00:11.660",51.40694923,-2.66314276
"3","12:00:11.680",51.40694915,-2.6631419
"3","12:00:11.700",51.40694906,-2.66314097
"3","12:00:11.720",51.40694895,-2.66313996
"3","12:00:11.740",51.40694886,-2.66313905
"3","12:00:11.759",51.40694878,-2.66313824
"3","12:00:11.779",51.40694866,-2.66313746
"3","12:00:11.799",51.40694849,-2.66313651
"3","12:00:11.819",51.40694828,-2.66313537
"3","12:00:11.839",51.40694806,-2.66313444
"3","12:00:11.860",51.40694782,-2.66313367
"3","12:00:11.880",51.40694758,-2.66313278
"3","12:00:11.900",51.40694735,-2.66313167
"3","12:00:11.920",51.40694709,-2.66313061
"3","12:00:11.940",51.40694681,-2.66312976
"3","12:00:11.960",51.40694651,-2.663129
"3","12:00:11.980",51.40694618,-2.66312813
"3","12:00:12.000",51.40694583,-2.66312731
"3","12:00:12.019",51.40694549,-2.6631267
"3","12:00:12.039",51.40694515,-2.66312611
"3","12:00:12.059",51.40694479,-2.66312537
"3","12:00:12.079",51.40694444,-2.66312454
"3","12:00:12.099",51.40694408,-2.66312386
"3","12:00:12.119",51.40694368,-2.66312319
"3","12:00:12.139",51.4069433,-2.66312246
"3","12:00:12.160",51.40694292,-2.66312166
"3","12:00:12.180",51.40694253,-2.66312082
"3","12:00:12.200",51.4069421,-2.66312013
"3","12:00:12.220",51.40694163,-2.66311951
"3","12:00:12.240",51.40694117,-2.66311866
"3","12:00:12.259",51.40694074,-2.66311774
"3","12:00:12.279",51.40694035,-2.6631171
"3","12:00:12.299",51.40693994,-2.66311666
"3","12:00:12.319",51.40693949,-2.66311626
"3","12:00:12.339",51.40693905,-2.6631157
"3","12:00:12.360",51.40693865,-2.6631151
"3","12:00:12.380",51.40693824,-2.66311463
"3","12:00:12.400",51.40693778,-2.66311395
"3","12:00:12.420",51.40693733,-2.66311318
"3","12:00:12.440",51.40693692,-2.66311258
"3","12:00:12.460",51.40693648,-2.66311226
"3","12:00:12.480",51.406936,-2.66311198
"3","12:00:12.500",51.40693551,-2.66311148
"3","12:00:12.519",51.40693508,-2.66311085
"3","12:00:12.539",51.40693466,-2.66311032
"3","12:00:12.559",51.40693419,-2.66311001
"3","12:00:12.579",51.40693371,-2.66310978
"3","12:00:12.599",51.40693327,-2.66310951
"3","12:00:12.619",51.40693285,-2.6631093
"3","12:00:12.639",51.40693241,-2.66310914
"3","12:00:12.660",51.40693194,-2.66310895
"3","12:00:12.680",51.40693149,-2.66310876
"3","12:00:12.700",51.40693104,-2.66310832
"3","12:00:12.720",51.40693059,-2.6631079
"3","12:00:12.740",51.4069302,-2.66310791
"3","12:00:12.759",51.40692978,-2.66310791
"3","12:00:12.779",51.40692919,-2.66310751
"3","12:00:12.799",51.40692861,-2.66310684
"3","12:00:12.819",51.4069282,-2.66310654
"3","12:00:12.839",51.40692791,-2.66310667
"3","12:00:12.860",51.40692756,-2.66310679
"3","12:00:12.880",51.40692718,-2.66310677
"3","12:00:12.900",51.4069268,-2.66310675
"3","12:00:12.920",51.4069265,-2.66310699
"3","12:00:12.940",51.40692631,-2.66310726
"3","12:00:12.960",51.40692634,-2.66310711
"3","12:00:12.980",51.4069262,-2.66310625
"3","12:00:13.000",51.40692542,-2.66310597
"3","12:00:13.019",51.40692464,-2.6631057
"3","12:00:13.039",51.40692394,-2.66310549
"3","12:00:13.059",51.40692359,-2.66310534
"3","12:00:13.079",51.40692324,-2.66310519
"3","12:00:13.099",51.40692289,-2.66310504
"3","12:00:13.119",51.40692254,-2.66310488
"3","12:00:13.139",51.40692228,-2.66310492
"3","12:00:13.160",51.40692195,-2.66310473
"3","12:00:13.180",51.40692158,-2.66310434
"3","12:00:13.200",51.40692117,-2.66310368
"3","12:00:13.220",51.40692076,-2.66310302
"3","12:00:13.240",51.40692035,-2.66310235
"3","12:00:13.259",51.4069197,-2.66310183
"3","12:00:13.279",51.40691897,-2.66310119
"3","12:00:13.299",51.40691834,-2.66310035
"3","12:00:13.319",51.4069183,-2.6631002
"3","12:00:13.339",51.40691964,-2.66310167
"3","12:00:13.360",51.40692262,-2.66310401
"4","12:00:00.000",51.40694544,-2.6630712
"4","12:00:00.019",51.40694536,-2.66307109
"4","12:00:00.039",51.40694537,-2.66307133
"4","12:00:00.059",51.40694543,-2.66307172
"4","12:00:00.079",51.40694557,-2.66307212
"4","12:00:00.099",51.40694575,-2.66307237
"4","12:00:00.119",51.40694594,-2.66307263
"4","12:00:00.139",51.40694612,-2.66307289
"4","12:00:00.160",51.40694622,-2.66307362
"4","12:00:00.180",51.40694633,-2.66307457
"4","12:00:00.200",51.4069465,-2.66307542
"4","12:00:00.220",51.40694668,-2.66307597
"4","12:00:00.240",51.40694686,-2.6630765
"4","12:00:00.259",51.40694699,-2.66307734
"4","12:00:00.279",51.40694707,-2.66307834
"4","12:00:00.299",51.40694718,-2.66307921
"4","12:00:00.319",51.40694728,-2.66308008
"4","12:00:00.339",51.40694739,-2.66308097
"4","12:00:00.360",51.40694749,-2.66308184
"4","12:00:00.380",51.40694759,-2.66308272
"4","12:00:00.400",51.4069477,-2.66308359
"4","12:00:00.420",51.40694796,-2.66308402
"4","12:00:00.440",51.40694817,-2.6630846
"4","12:00:00.460",51.40694837,-2.66308548
"4","12:00:00.480",51.40694853,-2.66308629
"4","12:00:00.500",51.40694865,-2.66308686
"4","12:00:00.519",51.40694881,-2.66308738
"4","12:00:00.539",51.40694901,-2.66308799
"4","12:00:00.559",51.40694919,-2.66308885
"4","12:00:00.579",51.40694935,-2.66308982
"4","12:00:00.599",51.40694947,-2.66309072
"4","12:00:00.619",51.4069496,-2.66309155
"4","12:00:00.639",51.40694976,-2.66309253
"4","12:00:00.660",51.40694993,-2.66309356
"4","12:00:00.680",51.40695011,-2.66309459
"4","12:00:00.700",51.40695028,-2.66309569
"4","12:00:00.720",51.40695044,-2.66309676
"4","12:00:00.740",51.40695058,-2.66309769
"4","12:00:00.759",51.4069507,-2.66309851
"4","12:00:00.779",51.40695084,-2.6630993
"4","12:00:00.799",51.40695096,-2.6631002
"4","12:00:00.819",51.40695107,-2.66310135
"4","12:00:00.839",51.40695119,-2.66310268
"4","12:00:00.860",51.40695129,-2.66310387
"4","12:00:00.880",51.40695141,-2.66310498
"4","12:00:00.900",51.4069515,-2.66310618
"4","12:00:00.920",51.40695158,-2.66310747
"4","12:00:00.940",51.40695165,-2.66310877
"4","12:00:00.960",51.40695172,-2.66310994
"4","12:00:00.980",51.40695179,-2.6631111
"4","12:00:01.000",51.40695183,-2.66311233
"4","12:00:01.019",51.40695185,-2.66311372
"4","12:00:01.039",51.40695184,-2.66311505
"4","12:00:01.059",51.40695183,-2.66311627
"4","12:00:01.079",51.40695183,-2.66311755
"4","12:00:01.099",51.40695184,-2.66311882
"4","12:00:01.119",51.40695186,-2.66312
"4","12:00:01.139",51.40695184,-2.66312126
"4","12:00:01.160",51.40695182,-2.66312268
"4","12:00:01.180",51.40695182,-2.66312408
"4","12:00:01.200",51.40695181,-2.66312542
"4","12:00:01.220",51.40695178,-2.66312665
"4","12:00:01.240",51.40695173,-2.66312774
"4","12:00:01.259",51.40695169,-2.66312884
"4","12:00:01.279",51.40695167,-2.66313008
"4","12:00:01.299",51.40695167,-2.66313136
"4","12:00:01.319",51.40695167,-2.66313267
"4","12:00:01.339",51.40695167,-2.66313408
"4","12:00:01.360",51.40695165,-2.66313553
"4","12:00:01.380",51.40695165,-2.66313694
"4","12:00:01.400",51.40695167,-2.66313831
"4","12:00:01.420",51.40695172,-2.66313959
"4","12:00:01.440",51.40695178,-2.66314079
"4","12:00:01.460",51.40695186,-2.66314209
"4","12:00:01.480",51.40695193,-2.66314336
"4","12:00:01.500",51.40695201,-2.66314465
"4","12:00:01.519",51.40695209,-2.66314601
"4","12:00:01.539",51.40695216,-2.66314738
"4","12:00:01.559",51.40695223,-2.66314885
"4","12:00:01.579",51.40695232,-2.66315027
"4","12:00:01.599",51.40695241,-2.66315157
"4","12:00:01.619",51.40695251,-2.66315271
"4","12:00:01.639",51.40695263,-2.66315377
"4","12:00:01.660",51.40695277,-2.66315499
"4","12:00:01.680",51.40695297,-2.66315632
"4","12:00:01.700",51.40695318,-2.66315769
"4","12:00:01.720",51.40695337,-2.66315881
"4","12:00:01.740",51.40695353,-2.66315978
"4","12:00:01.759",51.40695376,-2.66316089
"4","12:00:01.779",51.40695406,-2.66316204
"4","12:00:01.799",51.40695437,-2.66316306
"4","12:00:01.819",51.40695466,-2.66316402
"4","12:00:01.839",51.40695498,-2.6631651
"4","12:00:01.860",51.40695535,-2.66316619
"4","12:00:01.880",51.40695575,-2.66316723
"4","12:00:01.900",51.40695613,-2.66316812
"4","12:00:01.920",51.40695648,-2.66316896
"4","12:00:01.940",51.40695687,-2.66316995
"4","12:00:01.960",51.40695733,-2.66317106
"4","12:00:01.980",51.40695784,-2.66317203
"4","12:00:02.000",51.40695831,-2.66317274
"4","12:00:02.019",51.40695879,-2.66317345
"4","12:00:02.039",51.40695932,-2.6631743
"4","12:00:02.059",51.40695992,-2.66317513
"4","12:00:02.079",51.40696052,-2.6631758
"4","12:00:02.099",51.40696109,-2.66317635
"4","12:00:02.119",51.40696167,-2.66317699
"4","12:00:02.139",51.4069623,-2.66317766
"4","12:00:02.160",51.40696298,-2.66317808
"4","12:00:02.180",51.40696363,-2.66317826
"4","12:00:02.200",51.40696426,-2.66317847
"4","12:00:02.220",51.40696494,-2.66317885
"4","12:00:02.240",51.40696566,-2.66317924
"4","12:00:02.259",51.40696639,-2.66317942
"4","12:00:02.279",51.40696709,-2.66317948
"4","12:00:02.299",51.40696779,-2.66317958
"4","12:00:02.319",51.40696849,-2.66317971
"4","12:00:02.339",51.40696922,-2.66317969
"4","12:00:02.360",51.40696997,-2.66317947
"4","12:00:02.380",51.40697071,-2.66317932
"4","12:00:02.400",51.40697141,-2.6631794
"4","12:00:02.420",51.40697214,-2.66317957
"4","12:00:02.440",51.40697286,-2.66317957
"4","12:00:02.460",51.40697356,-2.66317932
"4","12:00:02.480",51.40697421,-2.66317909
"4","12:00:02.500",51.40697489,-2.66317901
"4","12:00:02.519",51.40697565,-2.66317887
"4","12:00:02.539",51.40697645,-2.66317851
"4","12:00:02.559",51.40697723,-2.66317801
"4","12:00:02.579",51.40697797,-2.66317763
"4","12:00:02.599",51.40697872,-2.6631774
"4","12:00:02.619",51.40697949,-2.66317715
"4","12:00:02.639",51.40698028,-2.66317668
"4","12:00:02.660",51.40698106,-2.6631761
"4","12:00:02.680",51.40698178,-2.66317566
"4","12:00:02.700",51.4069825,-2.66317527
"4","12:00:02.720",51.4069833,-2.66317472
"4","12:00:02.740",51.40698414,-2.66317402
"4","12:00:02.759",51.40698493,-2.66317338
"4","12:00:02.779",51.40698563,-2.66317291
"4","12:00:02.799",51.4069863,-2.66317255
"4","12:00:02.819",51.40698699,-2.6631722
"4","12:00:02.839",51.40698771,-2.66317165
"4","12:00:02.860",51.40698849,-2.66317082
"4","12:00:02.880",51.40698928,-2.66316995
"4","12:00:02.900",51.40699001,-2.66316921
"4","12:00:02.920",51.40699063,-2.66316868
"4","12:00:02.940",51.40699118,-2.66316824
"4","12:00:02.960",51.40699174,-2.66316774
"4","12:00:02.980",51.40699236,-2.66316718
"4","12:00:03.000",51.40699295,-2.66316669
"4","12:00:03.019",51.40699348,-2.66316622
"4","12:00:03.039",51.40699396,-2.66316572
"4","12:00:03.059",51.40699439,-2.66316518
"4","12:00:03.079",51.40699482,-2.66316455
"4","12:00:03.099",51.40699526,-2.66316384
"4","12:00:03.119",51.40699564,-2.66316323
"4","12:00:03.139",51.406996,-2.66316269
"4","12:00:03.160",51.4069964,-2.66316196
"4","12:00:03.180",51.40699691,-2.66316091
"4","12:00:03.200",51.40699747,-2.66315973
"4","12:00:03.220",51.40699801,-2.66315861
"4","12:00:03.240",51.40699851,-2.66315755
"4","12:00:03.259",51.40699902,-2.66315646
"4","12:00:03.279",51.40699953,-2.66315532
"4","12:00:03.299",51.407,-2.66315425
"4","12:00:03.319",51.40700046,-2.66315319
"4","12:00:03.339",51.40700099,-2.66315197
"4","12:00:03.360",51.40700158,-2.66315076
"4","12:00:03.380",51.40700215,-2.66314975
"4","12:00:03.400",51.40700269,-2.66314879
"4","12:00:03.420",51.4070032,-2.66314777
"4","12:00:03.440",51.40700375,-2.66314662
"4","12:00:03.460",51.40700436,-2.66314531
"4","12:00:03.480",51.40700494,-2.66314417
"4","12:00:03.500",51.40700545,-2.66314316
"4","12:00:03.519",51.40700591,-2.66314215
"4","12:00:03.539",51.40700641,-2.66314103
"4","12:00:03.559",51.40700694,-2.66313993
"4","12:00:03.579",51.40700747,-2.66313888
"4","12:00:03.599",51.40700798,-2.66313793
"4","12:00:03.619",51.4070085,-2.66313701
"4","12:00:03.639",51.40700897,-2.66313612
"4","12:00:03.660",51.40700945,-2.66313506
"4","12:00:03.680",51.40700998,-2.66313381
"4","12:00:03.700",51.40701048,-2.6631327
"4","12:00:03.720",51.40701093,-2.66313176
"4","12:00:03.740",51.40701132,-2.66313096
"4","12:00:03.759",51.40701173,-2.66313
"4","12:00:03.779",51.40701219,-2.66312886
"4","12:00:03.799",51.40701267,-2.6631277
"4","12:00:03.819",51.40701316,-2.66312684
"4","12:00:03.839",51.40701369,-2.66312602
"4","12:00:03.860",51.40701424,-2.66312505
"4","12:00:03.880",51.40701475,-2.66312402
"4","12:00:03.900",51.4070153,-2.66312285
"4","12:00:03.920",51.40701589,-2.6631215
"4","12:00:03.940",51.40701643,-2.66312031
"4","12:00:03.960",51.40701689,-2.66311945
"4","12:00:03.980",51.40701734,-2.66311875
"4","12:00:04.000",51.40701784,-2.66311794
"4","12:00:04.019",51.40701827,-2.66311722
"4","12:00:04.039",51.40701863,-2.66311655
"4","12:00:04.059",51.40701916,-2.66311554
"4","12:00:04.079",51.40701982,-2.66311415
"4","12:00:04.099",51.40702041,-2.66311278
"4","12:00:04.119",51.40702091,-2.66311165
"4","12:00:04.139",51.40702142,-2.66311072
"4","12:00:04.160",51.40702196,-2.66310986
"4","12:00:04.180",51.40702249,-2.66310902
"4","12:00:04.200",51.40702298,-2.6631081
"4","12:00:04.220",51.4070235,-2.66310702
"4","12:00:04.240",51.4070241,-2.66310566
"4","12:00:04.259",51.40702483,-2.66310404
"4","12:00:04.279",51.40702574,-2.66310227
"4","12:00:04.299",51.40702664,-2.66310064
"4","12:00:04.319",51.40702732,-2.6630995
"4","12:00:04.339",51.40702776,-2.66309883
"4","12:00:04.360",51.4070282,-2.66309818
"4","12:00:04.380",51.40702862,-2.66309742
"4","12:00:04.400",51.40702921,-2.66309624
"4","12:00:04.420",51.40702998,-2.66309458
"4","12:00:04.440",51.40703067,-2.6630932
"4","12:00:04.460",51.40703118,-2.66309255
"4","12:00:04.480",51.40703148,-2.66309266
"4","12:00:04.500",51.40703175,-2.66309294
"4","12:00:04.519",51.40703202,-2.66309305
"4","12:00:04.539",51.40703231,-2.66309298
"4","12:00:04.559",51.40703275,-2.66309286
"4","12:00:04.579",51.40703323,-2.66309288
"4","12:00:04.599",51.4070338,-2.66309259
"4","12:00:04.619",51.40703442,-2.66309196
"4","12:00:04.639",51.40703494,-2.66309155
"4","12:00:04.660",51.40703544,-2.66309126
"4","12:00:04.680",51.40703614,-2.66309072
"4","12:00:04.700",51.40703673,-2.66309029
"4","12:00:04.720",51.40703712,-2.66309006
"5","12:00:00.000",51.40696466,-2.66302276
"5","12:00:00.019",51.40696463,-2.66302313
"5","12:00:00.039",51.40696481,-2.66302317
"5","12:00:00.059",51.4069652,-2.6630232
"5","12:00:00.079",51.40696576,-2.66302318
"5","12:00:00.099",51.40696634,-2.66302343
"5","12:00:00.119",51.40696691,-2.66302361
"5","12:00:00.139",51.4069675,-2.66302368
"5","12:00:00.160",51.40696806,-2.66302388
"5","12:00:00.180",51.40696857,-2.66302457
"5","12:00:00.200",51.40696904,-2.66302576
"5","12:00:00.220",51.40696952,-2.66302659
"5","12:00:00.240",51.40697007,-2.66302715
"5","12:00:00.259",51.40697065,-2.66302768
"5","12:00:00.279",51.40697117,-2.66302809
"5","12:00:00.299",51.4069716,-2.66302862
"5","12:00:00.319",51.4069721,-2.66302953
"5","12:00:00.339",51.4069726,-2.66303053
"5","12:00:00.360",51.40697306,-2.66303132
"5","12:00:00.380",51.40697348,-2.66303211
"5","12:00:00.400",51.40697396,-2.663033
"5","12:00:00.420",51.40697449,-2.66303427
"5","12:00:00.440",51.40697499,-2.66303567
"5","12:00:00.460",51.40697547,-2.66303645
"5","12:00:00.480",51.406976,-2.66303672
"5","12:00:00.500",51.40697642,-2.663038
"5","12:00:00.519",51.40697679,-2.66303974
"5","12:00:00.539",51.4069772,-2.66304095
"5","12:00:00.559",51.40697775,-2.66304094
"5","12:00:00.579",51.40697839,-2.66304066
"5","12:00:00.599",51.40697889,-2.66304124
"5","12:00:00.619",51.40697926,-2.66304261
"5","12:00:00.639",51.40697958,-2.66304414
"5","12:00:00.660",51.40697991,-2.66304512
"5","12:00:00.680",51.40698027,-2.66304603
"5","12:00:00.700",51.40698064,-2.6630474
"5","12:00:00.720",51.40698102,-2.66304891
"5","12:00:00.740",51.40698151,-2.66304983
"5","12:00:00.759",51.40698207,-2.66305009
"5","12:00:00.779",51.40698256,-2.66305033
"5","12:00:00.799",51.40698303,-2.66305061
"5","12:00:00.819",51.40698348,-2.66305111
"5","12:00:00.839",51.40698389,-2.66305206
"5","12:00:00.860",51.40698427,-2.66305313
"5","12:00:00.880",51.40698469,-2.66305386
"5","12:00:00.900",51.40698518,-2.66305421
"5","12:00:00.920",51.40698567,-2.66305479
"5","12:00:00.940",51.40698611,-2.66305549
"5","12:00:00.960",51.40698652,-2.66305601
"5","12:00:00.980",51.40698691,-2.66305655
"5","12:00:01.000",51.40698736,-2.66305737
"5","12:00:01.019",51.40698785,-2.6630581
"5","12:00:01.039",51.40698832,-2.66305857
"5","12:00:01.059",51.40698869,-2.66305955
"5","12:00:01.079",51.406989,-2.66306082
"5","12:00:01.099",51.40698941,-2.6630617
"5","12:00:01.119",51.40698995,-2.66306212
"5","12:00:01.139",51.40699044,-2.66306281
"5","12:00:01.160",51.40699079,-2.66306378
"5","12:00:01.180",51.40699114,-2.66306462
"5","12:00:01.200",51.40699162,-2.66306508
"5","12:00:01.220",51.40699215,-2.66306548
"5","12:00:01.240",51.40699269,-2.66306625
"5","12:00:01.259",51.40699319,-2.66306713
"5","12:00:01.279",51.40699372,-2.6630677
"5","12:00:01.299",51.40699426,-2.66306824
"5","12:00:01.319",51.40699473,-2.66306909
"5","12:00:01.339",51.40699516,-2.66307015
"5","12:00:01.360",51.40699557,-2.6630712
"5","12:00:01.380",51.40699596,-2.6630722
"5","12:00:01.400",51.40699634,-2.66307336
"5","12:00:01.420",51.40699681,-2.66307428
"5","12:00:01.440",51.4069974,-2.66307468
"5","12:00:01.460",51.40699798,-2.66307509
"5","12:00:01.480",51.40699851,-2.66307568
"5","12:00:01.500",51.40699898,-2.6630766
"5","12:00:01.519",51.40699941,-2.66307765
"5","12:00:01.539",51.40699982,-2.66307859
"5","12:00:01.559",51.4070003,-2.66307934
"5","12:00:01.579",51.40700079,-2.66308021
"5","12:00:01.599",51.4070013,-2.66308117
"5","12:00:01.619",51.40700173,-2.66308223
"5","12:00:01.639",51.40700209,-2.66308344
"5","12:00:01.660",51.40700253,-2.66308428
"5","12:00:01.680",51.40700299,-2.66308501
"5","12:00:01.700",51.4070034,-2.66308603
"5","12:00:01.720",51.40700383,-2.66308715
"5","12:00:01.740",51.40700433,-2.66308814
"5","12:00:01.759",51.40700483,-2.66308907
"5","12:00:01.779",51.40700528,-2.66309016
"5","12:00:01.799",51.4070057,-2.66309132
"5","12:00:01.819",51.40700604,-2.66309271
"5","12:00:01.839",51.40700635,-2.66309419
"5","12:00:01.860",51.40700663,-2.66309569
"5","12:00:01.880",51.40700696,-2.66309713
"5","12:00:01.900",51.40700733,-2.66309836
"5","12:00:01.920",51.40700771,-2.66309944
"5","12:00:01.940",51.40700803,-2.66310045
"5","12:00:01.960",51.40700839,-2.66310148
"5","12:00:01.980",51.40700879,-2.6631027
"5","12:00:02.000",51.40700905,-2.66310432
"5","12:00:02.019",51.4070091,-2.66310629
"5","12:00:02.039",51.4070092,-2.66310806
"5","12:00:02.059",51.40700952,-2.66310921
"5","12:00:02.079",51.40700993,-2.66311
"5","12:00:02.099",51.40701021,-2.66311099
"5","12:00:02.119",51.4070103,-2.66311234
"5","12:00:02.139",51.40701035,-2.66311371
"5","12:00:02.160",51.40701054,-2.66311488
"5","12:00:02.180",51.40701076,-2.66311583
"5","12:00:02.200",51.40701089,-2.6631169
"5","12:00:02.220",51.40701099,-2.66311794
"5","12:00:02.240",51.40701106,-2.66311897
"5","12:00:02.259",51.40701106,-2.66312009
"5","12:00:02.279",51.40701094,-2.6631213
"5","12:00:02.299",51.40701076,-2.66312248
"5","12:00:02.319",51.4070105,-2.66312382
"5","12:00:02.339",51.40701024,-2.66312516
"5","12:00:02.360",51.40701,-2.66312631
"5","12:00:02.380",51.40700966,-2.6631275
"5","12:00:02.400",51.40700918,-2.66312893
"5","12:00:02.420",51.4070087,-2.66313035
"5","12:00:02.440",51.40700822,-2.6631316
"5","12:00:02.460",51.40700766,-2.66313296
"5","12:00:02.480",51.40700697,-2.66313455
"5","12:00:02.500",51.40700624,-2.66313623
"5","12:00:02.519",51.40700562,-2.6631376
"5","12:00:02.539",51.40700505,-2.6631388
"5","12:00:02.559",51.40700443,-2.66313999
"5","12:00:02.579",51.40700371,-2.66314124
"5","12:00:02.599",51.40700298,-2.66314256
"5","12:00:02.619",51.4070023,-2.66314377
"5","12:00:02.639",51.40700162,-2.66314495
"5","12:00:02.660",51.40700092,-2.66314606
"5","12:00:02.680",51.4070002,-2.66314726
"5","12:00:02.700",51.4069995,-2.66314841
"5","12:00:02.720",51.4069988,-2.66314944
"5","12:00:02.740",51.40699812,-2.66315037
"5","12:00:02.759",51.40699745,-2.66315129
"5","12:00:02.779",51.40699678,-2.66315231
"5","12:00:02.799",51.40699618,-2.66315316
"5","12:00:02.819",51.4069957,-2.66315366
"5","12:00:02.839",51.40699528,-2.66315396
"5","12:00:02.860",51.4069948,-2.66315434
"5","12:00:02.880",51.40699427,-2.66315484
"5","12:00:02.900",51.40699376,-2.66315525
"5","12:00:02.920",51.40699331,-2.66315555
"5","12:00:02.940",51.40699284,-2.66315594
"5","12:00:02.960",51.40699231,-2.6631564
"5","12:00:02.980",51.40699176,-2.66315692
"5","12:00:03.000",51.40699124,-2.66315745
"5","12:00:03.019",51.40699073,-2.66315794
"5","12:00:03.039",51.40699023,-2.66315831
"5","12:00:03.059",51.40698975,-2.66315868
"5","12:00:03.079",51.40698928,-2.66315907
"5","12:00:03.099",51.40698877,-2.6631596
"5","12:00:03.119",51.40698826,-2.66316019
"5","12:00:03.139",51.40698772,-2.6631607
"5","12:00:03.160",51.40698716,-2.66316106
"5","12:00:03.180",51.40698663,-2.66316136
"5","12:00:03.200",51.40698612,-2.66316168
"5","12:00:03.220",51.40698559,-2.66316218
"5","12:00:03.240",51.40698501,-2.66316299
"5","12:00:03.259",51.40698438,-2.663164
"5","12:00:03.279",51.40698374,-2.6631649
"5","12:00:03.299",51.40698309,-2.66316577
"5","12:00:03.319",51.40698245,-2.66316653
"5","12:00:03.339",51.40698186,-2.66316714
"5","12:00:03.360",51.40698126,-2.66316765
"5","12:00:03.380",51.4069807,-2.66316801
"5","12:00:03.400",51.40698019,-2.66316827
"5","12:00:03.420",51.40697969,-2.66316852
"5","12:00:03.440",51.40697918,-2.66316883
"5","12:00:03.460",51.40697864,-2.66316925
"5","12:00:03.480",51.4069781,-2.66316969
"5","12:00:03.500",51.40697759,-2.66317002
"5","12:00:03.519",51.40697707,-2.66317029
"5","12:00:03.539",51.40697654,-2.66317045
"5","12:00:03.559",51.40697604,-2.66317057
"5","12:00:03.579",51.40697553,-2.66317084
"5","12:00:03.599",51.40697497,-2.66317123
"5","12:00:03.619",51.40697437,-2.66317149
"5","12:00:03.639",51.40697378,-2.66317153
"5","12:00:03.660",51.40697321,-2.66317155
"5","12:00:03.680",51.40697264,-2.66317168
"5","12:00:03.700",51.4069721,-2.66317179
"5","12:00:03.720",51.40697156,-2.66317182
"5","12:00:03.740",51.406971,-2.66317195
"5","12:00:03.759",51.40697038,-2.66317221
"5","12:00:03.779",51.40696974,-2.66317248
"5","12:00:03.799",51.40696908,-2.66317273
"5","12:00:03.819",51.40696845,-2.66317301
"5","12:00:03.839",51.40696787,-2.66317327
"5","12:00:03.860",51.40696729,-2.66317346
"5","12:00:03.880",51.4069667,-2.66317353
"5","12:00:03.900",51.40696612,-2.66317371
"5","12:00:03.920",51.4069655,-2.66317414
"5","12:00:03.940",51.40696483,-2.6631746
"5","12:00:03.960",51.40696419,-2.66317479
"5","12:00:03.980",51.40696357,-2.66317488
"5","12:00:04.000",51.40696291,-2.66317505
"5","12:00:04.019",51.40696222,-2.66317522
"5","12:00:04.039",51.40696157,-2.66317535
"5","12:00:04.059",51.40696092,-2.66317548
"5","12:00:04.079",51.40696027,-2.66317568
"5","12:00:04.099",51.4069596,-2.66317591
"5","12:00:04.119",51.40695897,-2.66317594
"5","12:00:04.139",51.40695834,-2.66317576
"5","12:00:04.160",51.40695774,-2.66317566
"5","12:00:04.180",51.40695711,-2.66317568
"5","12:00:04.200",51.40695645,-2.66317564
"5","12:00:04.220",51.40695579,-2.66317542
"5","12:00:04.240",51.40695515,-2.66317525
"5","12:00:04.259",51.40695454,-2.66317531
"5","12:00:04.279",51.40695393,-2.6631753
"5","12:00:04.299",51.40695333,-2.66317507
"5","12:00:04.319",51.40695272,-2.66317476
"5","12:00:04.339",51.40695212,-2.66317457
"5","12:00:04.360",51.40695151,-2.66317449
"5","12:00:04.380",51.40695088,-2.66317433
"5","12:00:04.400",51.40695029,-2.66317407
"5","12:00:04.420",51.40694973,-2.6631738
"5","12:00:04.440",51.40694918,-2.66317356
"5","12:00:04.460",51.4069486,-2.66317342
"5","12:00:04.480",51.406948,-2.66317323
"5","12:00:04.500",51.40694742,-2.66317283
"5","12:00:04.519",51.40694689,-2.66317238
"5","12:00:04.539",51.40694637,-2.6631719
"5","12:00:04.559",51.40694581,-2.66317135
"5","12:00:04.579",51.40694525,-2.6631708
"5","12:00:04.599",51.40694475,-2.6631703
"5","12:00:04.619",51.40694433,-2.66316981
